trace_id,template_id,trace_length
blk_-1030832046197982436,[10],1
blk_-1046472716157313227,[7],1
blk_-1049340855430710153,[1],1
blk_-1055254430948037872,[2],1
blk_-1067234447809438340,[1],1
blk_-1071115021179995772,[10],1
blk_-1082541280306680938,[7],1
blk_-1090213273274684471,[3],1
blk_-1094025072435547068,[3],1
blk_-1096621677333075077,[1],1
blk_-1101091099241306483,[5],1
blk_-1110880362999960078,[10],1
blk_-1111344660779690782,[7],1
blk_-1125621902344947014,[8],1
blk_-1133573997287815203,[4],1
blk_-1141332313413855099,[3],1
blk_-1148756466197125339,[1],1
blk_-1162676743264290624,[10],1
blk_-116589515245909549,[4],1
blk_-1180596628202464893,[7],1
blk_-11867600358649678,[4],1
blk_-1197396592032418307,[1],1
blk_-1201318815778694289,[3],1
blk_-1227720343537039835,[10],1
blk_-1233005817943453613,[10],1
blk_-1236077201457689973,[3],1
blk_-1237539644269634790,[2],1
blk_-1250775350296476256,[1],1
blk_-1259190292740306590,[4],1
blk_-1263913006422225885,[7],1
blk_-1271403908410292619,[10],1
blk_-1278725622357466169,[7],1
blk_-1281276222788579863,[7],1
blk_-1282453782148343691,[5],1
blk_-1305222006484630743,[2],1
blk_-1306900105984505600,[7],1
blk_-1312981516354612257,[7],1
blk_-1331750856499198500,[10],1
blk_-1332315107905285608,[2],1
blk_-1335063409877429524,[10],1
blk_-133919539232421451,[10],1
blk_-1342669964196815853,[10],1
blk_-1345585044778938153,[7],1
blk_-1347057913082589493,[7],1
blk_-1367876730256254709,[9],1
blk_-1368324087589035770,[7],1
blk_-1379379987510648393,[2],1
blk_-1383276859207001328,[6],1
blk_-1387034299358896632,[1],1
blk_-1417908110808566576,[2],1
blk_-1432303681669932458,[8],1
blk_-1435656632270396446,[2],1
blk_-1440254020029439248,[3],1
blk_-1442905060580014339,[8],1
blk_-1451819169209310732,[7],1
blk_-1484647023667047838,[1],1
blk_-1485109068671160157,[3],1
blk_-1485317050914225917,[1],1
blk_-1490623381339215624,[1],1
blk_-1492402439215451727,[7],1
blk_-1496429201748767714,[2],1
blk_-1508527605812345693,[9],1
blk_-1522107359378428427,[3],1
blk_-1522998827901549925,[3],1
blk_-1525964299678787959,[10],1
blk_-1527267659500322006,[1],1
blk_-1533191386601391937,[5],1
blk_-1535908830476495455,[7],1
blk_-1547954353065580372,[6],1
blk_-1573544581830458089,[10],1
blk_-1581605246928123722,[7],1
blk_-1592043549272047369,[3],1
blk_-1598760065436384831,[7],1
blk_-1599621098605751235,[7],1
blk_-1614641487214609125,[3],1
blk_-1635752698830216319,[2],1
blk_-1641081065757890722,[10],1
blk_-1649239999940418046,[1],1
blk_-165500353496111884,[1],1
blk_-1657856234642335063,[4],1
blk_-1661553043410372067,[2],1
blk_-1674094254141559552,[5],1
blk_-1675768179383804109,[2],1
blk_-1680175975862749862,[10],1
blk_-1680563440028826904,[1],1
blk_-1690784932539647416,[4],1
blk_-1693418636466747515,[7],1
blk_-1704027189958470814,[2],1
blk_-1727475099218615100,[5],1
blk_-1728983474612515818,[4],1
blk_-1732662141253491971,[5],1
blk_-1733026139299872187,[4],1
blk_-1733154814375651491,[1],1
blk_-1733803097614960767,[1],1
blk_-1750007847201154657,[7],1
blk_-1751996688557225241,[1],1
blk_-1753161039594546561,[4],1
blk_-1754204887541031211,[7],1
blk_-1755309160709170318,[10],1
blk_-17685631368401548,[5],1
blk_-1775264355226395799,[7],1
blk_-178934379749864379,[4],1
blk_-1798958443298220150,[4],1
blk_-1800458850981311953,[7],1
blk_-1821104627978106102,[2],1
blk_-1842096107468319932,[1],1
blk_-1846853350696018836,[3],1
blk_-1849105860762445186,[3],1
blk_-1851265222873801714,[9],1
blk_-185994527242886002,[3],1
blk_-1868325377308234190,[4],1
blk_-1897524391075610396,[7],1
blk_-190773840747023361,[1],1
blk_-1910608563003942187,[1],1
blk_-191333338640084691,[1],1
blk_-1932467763723526131,[2],1
blk_-1939956833921604216,[7],1
blk_-1941312615450572331,[5],1
blk_-1948505589144820414,[2],1
blk_-1956140031907143783,[3],1
blk_-1957299792594627113,[1],1
blk_-1970947032352756307,[2],1
blk_-2004529166303428909,[5],1
blk_-2012430628930443984,[10],1
blk_-2013946318750925538,[3],1
blk_-2014243777892518956,[1],1
blk_-2015110815660478655,[4],1
blk_-2016403519138424998,[5],1
blk_-2020273862360001901,[3],1
blk_-2023442822091562967,[2],1
blk_-2025578204394955498,[10],1
blk_-2025617675484194470,[1],1
blk_-20269367189114433,[9],1
blk_-2032740670708110312,[9],1
blk_-2035996502664501008,[2],1
blk_-2051219911597308805,[5],1
blk_-2068111211565768713,[1],1
blk_-2073265102548439691,[5],1
blk_-207775976836691685,[5],1
blk_-2082401934988378573,[3],1
blk_-2094397855762091248,[3],1
blk_-2098161025946048013,[7],1
blk_-210021574616486609,[5],1
blk_-2117066166574895060,[3],1
blk_-2125743956855238111,[2],1
blk_-2129171714384027465,[3],1
blk_-2141627858612526069,[3],1
blk_-2144263949276079479,[2],1
blk_-2151458111813215098,[3],1
blk_-2192382893903170466,[4],1
blk_-2194976790278647102,[3],1
blk_-2210703755506918304,[7],1
blk_-2225353020301959077,[10],1
blk_-2230892279625104430,[5],1
blk_-2242088550278361724,[3],1
blk_-2243784245784480521,[3],1
blk_-2250942073136893488,[4],1
blk_-2268450354164990110,[1],1
blk_-2268477281422551537,[1],1
blk_-227411387418683230,[3],1
blk_-2281067667503210140,[2],1
blk_-2285729896739318683,[8],1
blk_-2313277713021896570,[4],1
blk_-2321016155994168744,[2],1
blk_-2332150303475653460,[2],1
blk_-2345355483730155757,[2],1
blk_-23492739449820023,[2],1
blk_-2402036602753320612,[2],1
blk_-2421414377433740760,[1],1
blk_-2425070029518924403,[7],1
blk_-2439225174716664723,[10],1
blk_-2445347158368483245,[7],1
blk_-2451769929123196359,[10],1
blk_-2452477352812192142,[3],1
blk_-2466006073687914843,[1],1
blk_-2480595760294717232,[2],1
blk_-2492400942012223395,[10],1
blk_-2506231977021079951,[4],1
blk_-2518425063392446785,[7],1
blk_-2530087534157630851,[2],1
blk_-253282915050290778,[7],1
blk_-2541428592126088938,[5],1
blk_-2557432794238860908,[8],1
blk_-2583370070230800221,[4],1
blk_-2589662411410634043,[10],1
blk_-2591043665372016488,[1],1
blk_-2600305892036631113,[2],1
blk_-2654726224018724510,[2],1
blk_-265588615173040885,[3],1
blk_-2656323385657954732,[8],1
blk_-26568864070436835,[1],1
blk_-2658615574293326723,[7],1
blk_-2667669005094349452,[4],1
blk_-2680500627064966252,[1],1
blk_-2722768686407017386,[7],1
blk_-272707591443354058,[9],1
blk_-2746863406163228797,[4],1
blk_-2780312306380730204,[1],1
blk_-2794533871450434534,[8],1
blk_-2808875502459981198,[7],1
blk_-2826763604408365998,[7],1
blk_-2827716238972737794,[6],1
blk_-2834195813213005328,[10],1
blk_-28342503914935090,[4],1
blk_-2843780069100181052,[2],1
blk_-2852294661215451806,[2],1
blk_-2856928563366064757,[3],1
blk_-2890295200276774269,[7],1
blk_-2895171018912807248,[2],1
blk_-2896670847306153652,[1],1
blk_-2901225370888235702,[8],1
blk_-2901266958756042716,[4],1
blk_-2907776069874917892,[10],1
blk_-290874442865281380,[3],1
blk_-2916658835497879256,[2],1
blk_-2918118818249673980,[9],1
blk_-2923662094689783995,[7],1
blk_-2929627680703662712,[7],1
blk_-2934265883100282310,[3],1
blk_-2935178173527646581,[3],1
blk_-295306975763175640,[4],1
blk_-29548654251973735,[2],1
blk_-2959268996938658555,[2],1
blk_-2975629975082443857,[8],1
blk_-2989288139685694818,[4],1
blk_-3010126661650043258,[5],1
blk_-3023983271692989109,[3],1
blk_-3025440686907267472,[1],1
blk_-3055230140330616860,[5],1
blk_-305633040016166849,[9],1
blk_-3056652732896088330,[9],1
blk_-309134958179110212,[8],1
blk_-3091906986951252347,[5],1
blk_-3134225108208373949,[8],1
blk_-3140031507252212554,[9],1
blk_-3140754468249228022,[9],1
blk_-3152434225121092058,[5],1
blk_-3157541550945505354,[4],1
blk_-3170270010972115378,[2],1
blk_-3172594752427649592,[4],1
blk_-3183355402229300197,[1],1
blk_-3184700311670257792,[2],1
blk_-3187293586306086277,[4],1
blk_-3225035678192156905,[10],1
blk_-3228470001178394592,[1],1
blk_-323838382557775734,[10],1
blk_-3242342105286997235,[10],1
blk_-3249711809227781266,[2],1
blk_-3253005280055520211,[2],1
blk_-3261177124784025140,[4],1
blk_-3265479347842446682,[4],1
blk_-3275237990609680332,[2],1
blk_-3275788837420923000,[10],1
blk_-3276232266876914214,[3],1
blk_-3283153974358895314,[3],1
blk_-328970571549408286,[10],1
blk_-3295982945091621137,[1],1
blk_-3300851862683571086,[3],1
blk_-3316519570098743145,[10],1
blk_-3329473910909732817,[2],1
blk_-3339018122410311668,[1],1
blk_-3358448553918665902,[8],1
blk_-3362838757940877177,[10],1
blk_-3363550789841756902,[1],1
blk_-337665304078248571,[4],1
blk_-337972286882621518,[3],1
blk_-3384560576963801177,[8],1
blk_-3396836569886642130,[7],1
blk_-3402248757106237109,[1],1
blk_-3417101330634563680,[4],1
blk_-3436382429367583573,[3],1
blk_-3437475890798229344,[7],1
blk_-3452734573703603740,[1],1
blk_-3455521536483250153,[3],1
blk_-3457731723401426942,[8],1
blk_-3482997549732691785,[3],1
blk_-3486808304671603275,[4],1
blk_-3491385689517593364,[3],1
blk_-3509323198988774369,[4],1
blk_-3510473878877779134,[2],1
blk_-352190670750948803,[1],1
blk_-3522956055443924791,[5],1
blk_-3564493590065542578,[7],1
blk_-3572295706132449090,[9],1
blk_-3573208405519699182,[2],1
blk_-3575568207121859434,[2],1
blk_-3575718350717794894,[7],1
blk_-357695136519539363,[1],1
blk_-3582070652284403613,[10],1
blk_-3594701313167635091,[7],1
blk_-3607708283707030582,[7],1
blk_-3607860197409267245,[3],1
blk_-3612946656596896413,[4],1
blk_-3620767662957963389,[3],1
blk_-3622135859810774312,[2],1
blk_-3636681193077858741,[7],1
blk_-3657665801189425193,[8],1
blk_-3657751236932275338,[4],1
blk_-3663004104512304532,[2],1
blk_-3671953658029337449,[10],1
blk_-3673133694834392576,[4],1
blk_-3677956642639780952,[3],1
blk_-3681974396824196300,[10],1
blk_-3684613761619321001,[2],1
blk_-3693786175267111588,[3],1
blk_-3696162841836791939,[8],1
blk_-3702595599317472079,[3],1
blk_-3710747952520609225,[1],1
blk_-3724350946705225881,[2],1
blk_-3734839878416656496,[3],1
blk_-3738901473077208093,[4],1
blk_-3741526967786688540,[3],1
blk_-3752135158991310104,[4],1
blk_-3754029959138975487,[10],1
blk_-3787594914477940893,[3],1
blk_-3792836284792472725,[10],1
blk_-3802183646922512795,[1],1
blk_-3805070405372551730,[3],1
blk_-3816036740130815667,[3],1
blk_-3845286823494684378,[3],1
blk_-3854777877236596649,[10],1
blk_-3860035787700398391,[7],1
blk_-3860894070657427592,[8],1
blk_-3884471885525630813,[4],1
blk_-3888538223380979891,[2],1
blk_-3894803026385053344,[10],1
blk_-3897674589140998025,[2],1
blk_-3909548841543565741,[3],1
blk_-3922743468150895472,[3],1
blk_-3949633496933134307,[2],1
blk_-3955287039966096707,[2],1
blk_-3967261531426400230,[1],1
blk_-3981735565440284420,[3],1
blk_-3990317238913332296,[2],1
blk_-4034227974316905164,[3],1
blk_-4052810234606327693,[2],1
blk_-4067446915270471579,[3],1
blk_-4068751061953213467,[1],1
blk_-4071286774767564790,[3],1
blk_-4092973201423074374,[2],1
blk_-409558225151784282,[2],1
blk_-4110699195744660699,[7],1
blk_-4110733372292809607,[2],1
blk_-4117999745005013424,[6],1
blk_-4139299269696044017,[5],1
blk_-4149539113118855204,[10],1
blk_-4165176068096983220,[7],1
blk_-4165562468976768862,[1],1
blk_-4174618838156947380,[2],1
blk_-4181768899028058192,[9],1
blk_-41928108292416895,[1],1
blk_-4196449318426994195,[1],1
blk_-420564586555502239,[3],1
blk_-420818767915591010,[2],1
blk_-4208396523159735354,[2],1
blk_-4223625526513535681,[7],1
blk_-4229375751333894621,[1],1
blk_-424018194735922479,[10],1
blk_-4265150363959543078,[10],1
blk_-4269939382058952254,[10],1
blk_-4289592006812254261,[1],1
blk_-4295805058711840933,[7],1
blk_-4298255715894292387,[7],1
blk_-4301178988618507084,[7],1
blk_-4304240611296196935,[7],1
blk_-4311652947826112510,[7],1
blk_-4312777901444596370,[5],1
blk_-4325209272072286951,[1],1
blk_-4330512786228504138,[3],1
blk_-4334868513923498900,[4],1
blk_-4342304152206614489,[2],1
blk_-4347054230277727863,[2],1
blk_-4352313989800650828,[7],1
blk_-4358842839092719327,[3],1
blk_-4365612131648152536,[4],1
blk_-4368236874477798428,[7],1
blk_-4380385204018751771,[7],1
blk_-4385347171136037814,[10],1
blk_-4390972361898978900,[5],1
blk_-4405302133414008227,[2],1
blk_-4411589101766563890,"[1, 13]",2
blk_-4424971182856566289,[1],1
blk_-4427507243535536615,[2],1
blk_-4430291708660291878,[1],1
blk_-4433556521525567493,[3],1
blk_-4434479572312007079,[4],1
blk_-4438918035940270891,[10],1
blk_-4455205822455130625,[2],1
blk_-4468166796563085237,[4],1
blk_-4468645577339843974,[5],1
blk_-4473020641607592551,[4],1
blk_-4473277914543734578,[4],1
blk_-4510259260131940043,[2],1
blk_-4526931594457272384,[4],1
blk_-4551689611865410817,[7],1
blk_-4566099704755845087,[1],1
blk_-4578850505370039622,[1],1
blk_-4582442491366282435,[1],1
blk_-4590972095204776122,[9],1
blk_-4595094649363595358,[2],1
blk_-4598246018559857954,[7],1
blk_-4619809198345103330,[2],1
blk_-4624597753370705281,[1],1
blk_-4633546693082073737,[1],1
blk_-463998587096565542,[5],1
blk_-4651707530079874243,[2],1
blk_-4654885003331291932,[5],1
blk_-4655280636272058732,[4],1
blk_-4657423175636611807,[10],1
blk_-4657886075935807358,[4],1
blk_-4673509946769671609,[4],1
blk_-4681205519208992498,[10],1
blk_-4684475480143348818,[1],1
blk_-468830939205980722,[7],1
blk_-4702684774678057084,[10],1
blk_-4737948505610037427,[9],1
blk_-4741127506068309449,[2],1
blk_-476906696485288376,[2],1
blk_-4775386099844009890,[3],1
blk_-4779205255695723216,[1],1
blk_-4794867979917102672,[2],1
blk_-4799092443170733505,[1],1
blk_-4801855948459616884,[5],1
blk_-4831379247767940447,[4],1
blk_-4841792440390267307,[9],1
blk_-4844505495441326897,[7],1
blk_-4846710336436578833,[3],1
blk_-4853183643928986291,[1],1
blk_-4854562124894030819,[4],1
blk_-4861262918414696307,[4],1
blk_-4875138366845786590,[2],1
blk_-488298625688742454,[5],1
blk_-490230821467544285,[10],1
blk_-4917866339076366459,[1],1
blk_-4935573595350235765,[3],1
blk_-4937215748597091532,[1],1
blk_-4941547144875557718,[7],1
blk_-4945182943709543868,[2],1
blk_-4954795063440871977,[10],1
blk_-4956232013010963754,[4],1
blk_-4967783186426171722,[4],1
blk_-4970213618915792510,[2],1
blk_-4980916519894289629,[6],1
blk_-4984504651603069357,[6],1
blk_-5003122231679852524,[4],1
blk_-500534246236005335,[5],1
blk_-5005618994659797504,[10],1
blk_-5009020203888190378,[4],1
blk_-5009274684359267777,[2],1
blk_-5012639079435860269,[2],1
blk_-5014786445735476734,[7],1
blk_-5029807829679779067,[4],1
blk_-5045144756510626150,[3],1
blk_-5057534532247887258,[4],1
blk_-5073870177832699716,[1],1
blk_-5078186985701364847,[4],1
blk_-5086369325828333421,[8],1
blk_-5102453487463005287,[1],1
blk_-5124326558394984439,[3],1
blk_-5135777574223073423,[4],1
blk_-5140072410813878235,[12],1
blk_-5144503768267321004,[4],1
blk_-5144548163293169177,[1],1
blk_-5145508449157510071,[4],1
blk_-5145886774827574591,[10],1
blk_-5159573936338473350,[2],1
blk_-518701095493827363,[3],1
blk_-5195432543794777448,[3],1
blk_-5205950257901523262,[7],1
blk_-5214060566378896158,[2],1
blk_-5215520749152394224,[1],1
blk_-5217146995455608468,[4],1
blk_-5224756755359850354,[4],1
blk_-522892190802801712,[4],1
blk_-5236578579938215340,[3],1
blk_-5236655516146555545,[8],1
blk_-524128780228307052,[2],1
blk_-5255262711039499896,[5],1
blk_-5263787695149681326,[1],1
blk_-5293091556505218722,[10],1
blk_-5306443381473737599,[3],1
blk_-5309211894896608429,[3],1
blk_-531469051872229488,[10],1
blk_-5319073033164653435,[5],1
blk_-5321676321043683563,[1],1
blk_-5330522460969948971,[2],1
blk_-5340841684362207777,[3],1
blk_-5340885607150360719,[9],1
blk_-5341992729755584578,[8],1
blk_-5343533992609553091,[5],1
blk_-5344266425789048231,[7],1
blk_-5352085087037370841,[2],1
blk_-5362598472846558076,[10],1
blk_-5363213609331400263,[2],1
blk_-5368528328022648701,[10],1
blk_-5382946262718129284,[10],1
blk_-5385105076403314787,[3],1
blk_-5400783031085008882,[2],1
blk_-5403209762224435166,[10],1
blk_-5404881839098659470,[2],1
blk_-5421365489363678155,[3],1
blk_-54240672253074715,[1],1
blk_-5427918313707752877,[2],1
blk_-5429042599096020592,[7],1
blk_-5429479049793046826,[7],1
blk_-5439682406172672049,[4],1
blk_-5442040196315589272,[1],1
blk_-5450224419450631495,[3],1
blk_-5455316994110506037,[2],1
blk_-5471660287004025096,[2],1
blk_-5504500392858491441,[1],1
blk_-5511630179413516751,[2],1
blk_-5513640508500780385,[10],1
blk_-5534560875087182998,[3],1
blk_-5542336029922582303,[2],1
blk_-5569558931000121451,[1],1
blk_-5580048401594934039,[2],1
blk_-5580322334454533924,[1],1
blk_-5581540863377925517,[5],1
blk_-5586529360624346565,[3],1
blk_-5587827566367944828,[1],1
blk_-5598693099021996971,[7],1
blk_-5603192027616633151,[7],1
blk_-5610308397633191834,[1],1
blk_-5613694521084380933,[5],1
blk_-5623176793330377570,[4],1
blk_-5624558200776510955,[10],1
blk_-562725280853087685,[3],1
blk_-5633587983998853189,[3],1
blk_-5644397018622018109,[3],1
blk_-5646228903161999640,[4],1
blk_-566178736644429906,[10],1
blk_-5668584889663038916,[3],1
blk_-5671206752084326639,[3],1
blk_-5680441982827916621,[1],1
blk_-5704899712662113150,[3],1
blk_-5718504625725408070,[7],1
blk_-5718873743060788176,[2],1
blk_-5719934513583495857,[8],1
blk_-5722491454804415982,[1],1
blk_-5739126205963920408,[2],1
blk_-5773244829531118765,[2],1
blk_-577659324269246113,[3],1
blk_-5777981614298940026,[3],1
blk_-5785220384376578831,[3],1
blk_-5799866343936729403,[1],1
blk_-5802915611610989626,[10],1
blk_-5808893254440551816,[4],1
blk_-5814328448485070742,[3],1
blk_-5815145248455404269,[3],1
blk_-5817942497672492100,[4],1
blk_-5828360070550196756,[1],1
blk_-5836693155656083066,[4],1
blk_-5852844080027817147,[1],1
blk_-5861348317118763621,[2],1
blk_-5861636720645142679,[3],1
blk_-5880591395067598620,[7],1
blk_-5882295985950637419,[2],1
blk_-5892603381347650390,[4],1
blk_-5908283405801966540,[1],1
blk_-591552904934794824,[5],1
blk_-5919767990596301121,[8],1
blk_-5927343391895571936,[2],1
blk_-5934436507161953485,[7],1
blk_-5935642747315643391,[9],1
blk_-5949883083428548093,[2],1
blk_-5954527587435406374,[3],1
blk_-5957060034695163774,[4],1
blk_-5960135894031733009,[3],1
blk_-5961895238114806886,[2],1
blk_-5963475042722370536,[2],1
blk_-5970165518655489569,[3],1
blk_-5972745462629982078,[10],1
blk_-5974833545991408899,[3],1
blk_-6008397446568765070,[7],1
blk_-6031720401337601269,[3],1
blk_-6035642070260562886,[1],1
blk_-6050976999174805557,[8],1
blk_-6053005391233809507,[7],1
blk_-6056336045486998577,[10],1
blk_-6068451475575444798,[10],1
blk_-6068587951382721748,[2],1
blk_-6075803209168884005,[7],1
blk_-608202790716579401,[10],1
blk_-6114220623980201749,[10],1
blk_-6117917602803602155,[10],1
blk_-6127741703501838658,[7],1
blk_-6131345369657245178,[7],1
blk_-6135061626100136978,[4],1
blk_-6136511938931864993,[10],1
blk_-615578808743808725,[1],1
blk_-6160667975382232149,[6],1
blk_-6168484338203583997,[3],1
blk_-6177194341369822651,[7],1
blk_-6213380972217661202,[4],1
blk_-6220821375880228145,[1],1
blk_-6224982681533811277,[2],1
blk_-6247364168500873179,[2],1
blk_-6250368566161066085,[4],1
blk_-6255015379143356507,[10],1
blk_-6261136177206340449,[10],1
blk_-626413149556394155,[7],1
blk_-6276023454199613372,[4],1
blk_-6289001686128460561,[10],1
blk_-62891505109755100,[9],1
blk_-6290631608800952376,[9],1
blk_-6292499669518281202,[7],1
blk_-6299730951392868297,[2],1
blk_-6308508598639278892,[2],1
blk_-6314365697827006048,[2],1
blk_-6325232815283133921,[2],1
blk_-6329494504520216748,[4],1
blk_-6330812010936261924,[2],1
blk_-633826175832239328,[1],1
blk_-6338549285508312302,[2],1
blk_-6350492516478706425,[7],1
blk_-6369730481066968769,[1],1
blk_-6380328072112550668,[4],1
blk_-6390296685077811803,[2],1
blk_-6400421658804613208,[7],1
blk_-6412155847905320411,[4],1
blk_-6431101765137189231,[7],1
blk_-643763844763678010,[7],1
blk_-6441360440068187612,[3],1
blk_-6442394521537090621,[2],1
blk_-6449891932967810179,[2],1
blk_-6454539193224916125,[1],1
blk_-6464763289185102366,[2],1
blk_-6464892000340112134,[3],1
blk_-6477590833521072407,[10],1
blk_-6486714614940767660,[4],1
blk_-6500549130351529113,[1],1
blk_-6502143621885580798,[3],1
blk_-6520030462660619051,[8],1
blk_-6525012344542022819,[1],1
blk_-653434419514937486,[1],1
blk_-6540455811923725840,[2],1
blk_-6543889749770222531,[4],1
blk_-6555060221133060529,[2],1
blk_-657087263710195616,[8],1
blk_-6582383997201802925,[2],1
blk_-6592952246351162022,[2],1
blk_-6608350831463251448,[4],1
blk_-6618090096819679591,[4],1
blk_-6620182933895093708,[5],1
blk_-663653551898848389,[4],1
blk_-6640779266188771131,[10],1
blk_-664656559337730574,[8],1
blk_-6670958622368987959,[1],1
blk_-667933171485085225,[9],1
blk_-6695620358347030339,[1],1
blk_-6719337521981113643,[3],1
blk_-6750694665033046901,[7],1
blk_-6754647973871368247,[5],1
blk_-6766351519628312408,[1],1
blk_-6773301007994789531,[1],1
blk_-6783506473540833076,[10],1
blk_-6802124772693111025,[10],1
blk_-6802153775367591521,[5],1
blk_-6809181994368905854,[4],1
blk_-6811519872198278365,[3],1
blk_-6811828069408410657,[1],1
blk_-6832799704680039005,[3],1
blk_-6836642008179678048,[2],1
blk_-6837050820114491742,[1],1
blk_-6841570414687342011,[5],1
blk_-684595390732854503,[3],1
blk_-6865167803683277211,[1],1
blk_-6867873931012347356,[3],1
blk_-6883339133893273874,[1],1
blk_-6884056342993438262,[4],1
blk_-6891122177443047531,[7],1
blk_-6900989714336081087,[9],1
blk_-6901909114834172466,[7],1
blk_-6909400912794057067,[2],1
blk_-6909607053783233975,[5],1
blk_-6921441628286995043,[10],1
blk_-6927870228542972281,[4],1
blk_-6932221506331060207,[10],1
blk_-6934248664959947757,[1],1
blk_-6942784423611603919,[7],1
blk_-6945615463687647586,[2],1
blk_-6952295868487656571,[1],1
blk_-6956067134432991406,[2],1
blk_-6966935672736779591,[3],1
blk_-6978845808078082463,[10],1
blk_-6979800421545566530,[3],1
blk_-6986311820863339652,[3],1
blk_-6991853982611346454,[1],1
blk_-6995454028444097802,[2],1
blk_-6997219177553478996,[1],1
blk_-7007208336332784130,[3],1
blk_-7017553867379051457,[2],1
blk_-7024895786822269814,[1],1
blk_-7029628814943626474,"[3, 9]",2
blk_-7030770677241078854,[2],1
blk_-703436021914343546,[1],1
blk_-7048088870427586736,[4],1
blk_-7056746602297676104,[3],1
blk_-7096508472270520039,[7],1
blk_-7105305952901940477,[5],1
blk_-7106479503467535906,[7],1
blk_-7111788899695387329,[10],1
blk_-7115635482536854135,[2],1
blk_-7125370327234065733,[9],1
blk_-71429470616906355,[3],1
blk_-7152190882826520998,[3],1
blk_-7159695919045792245,[1],1
blk_-7170175035335391571,[1],1
blk_-7172347691639518373,[4],1
blk_-719178972315562824,[2],1
blk_-719470845056640928,[10],1
blk_-719498947487451844,[4],1
blk_-7200400342436668240,[1],1
blk_-7202857144668308473,[3],1
blk_-7207514537719465756,[3],1
blk_-7227576651324043655,[4],1
blk_-7228803354694123939,[4],1
blk_-7230947007726948080,[4],1
blk_-7238035741206373733,[4],1
blk_-7247291679155656679,[3],1
blk_-7256345477493725857,[1],1
blk_-7266711648018793699,[4],1
blk_-7269672042149855641,[1],1
blk_-7282356322111075290,[2],1
blk_-7285565997486715015,[10],1
blk_-7293871043749246063,[4],1
blk_-730776401372551814,[1],1
blk_-7319442762668598889,[1],1
blk_-7350482598011027441,[4],1
blk_-7353572928777348242,[7],1
blk_-7355153279766988632,[4],1
blk_-736188013503336717,[1],1
blk_-7364557883931785608,[8],1
blk_-7367386750462511488,[5],1
blk_-7369651436133452001,[10],1
blk_-7372087176866857012,[9],1
blk_-7380871572601322244,[3],1
blk_-7389979618829759505,[4],1
blk_-7391656937286046074,[9],1
blk_-7411687001739959508,[4],1
blk_-7411858598798393933,[7],1
blk_-7413910507260978729,[5],1
blk_-7418372263556457716,[4],1
blk_-7418499425236853516,[10],1
blk_-7423574498760490375,[7],1
blk_-743349875664670637,[8],1
blk_-7436749154361133879,[1],1
blk_-7446091384471755694,[7],1
blk_-7458279618877678162,[5],1
blk_-7460532841070848624,[4],1
blk_-7464161062429228045,[7],1
blk_-747046374856916711,[2],1
blk_-7483426835701512490,[1],1
blk_-7486746679002157277,[4],1
blk_-749176535135404637,[5],1
blk_-7492294065771709299,[4],1
blk_-7512746652453970810,[1],1
blk_-7513928662244669476,[7],1
blk_-7514806214244798312,[3],1
blk_-7515058933811567980,[7],1
blk_-7522572236891389139,[2],1
blk_-7526023914950151999,[4],1
blk_-7526945448667194862,[3],1
blk_-7527506469734664572,[5],1
blk_-7539658633533020967,[4],1
blk_-7548149518969960333,[7],1
blk_-7553009628768897700,[1],1
blk_-7555801584297376435,[2],1
blk_-7571492020523929240,[16],1
blk_-7584542530081657301,[10],1
blk_-7587189852169913514,[1],1
blk_-75893538967225087,[10],1
blk_-7592643790414500555,[5],1
blk_-7595375726951801956,[10],1
blk_-7601381921195183756,[7],1
blk_-7603740654202748654,[2],1
blk_-7603795308074215276,[5],1
blk_-7606467001548719462,[7],1
blk_-7623732795385061487,[4],1
blk_-762982068597249045,[2],1
blk_-7630699912570186723,[3],1
blk_-7637577152926063076,[2],1
blk_-7640601843607665080,[1],1
blk_-7646004878694144580,[4],1
blk_-764747190320632607,[4],1
blk_-7656610147924319419,[1],1
blk_-765820154946060546,[10],1
blk_-7658293778087733436,[9],1
blk_-7667417209393167541,[5],1
blk_-7668075074035173978,[10],1
blk_-7678242108759603056,[4],1
blk_-7680599654910200999,[9],1
blk_-7683667795522321323,[1],1
blk_-7693277678281547790,[10],1
blk_-7709713535298137702,[10],1
blk_-7716943410942322104,[3],1
blk_-7724713468912166542,[8],1
blk_-7727864185516010230,[4],1
blk_-774267833966018354,[4],1
blk_-7764040409370932316,[4],1
blk_-7767902948513849386,[10],1
blk_-7778922135767840250,[1],1
blk_-7794786562417612249,[2],1
blk_-7803343374223161433,[6],1
blk_-7815259387557421424,[4],1
blk_-7820996703068538967,[4],1
blk_-7832937837605180330,[7],1
blk_-7837339190764609698,[8],1
blk_-7846283874350947646,[10],1
blk_-7854501109698465657,[7],1
blk_-7866582011201618766,[5],1
blk_-7873581794069372986,[10],1
blk_-7878121102358435702,[5],1
blk_-7893636450787030202,[2],1
blk_-7894824934989391122,[10],1
blk_-7909610753867924116,[2],1
blk_-7911408976820434495,[4],1
blk_-7914996925059840931,[4],1
blk_-7928230000822317050,[7],1
blk_-793506372912437289,[10],1
blk_-7937864120968665564,[1],1
blk_-7948158002985968470,[1],1
blk_-795209964982424254,[10],1
blk_-7983508786213002472,[9],1
blk_-7985144765168396303,[2],1
blk_-7988596544606686086,[5],1
blk_-7990763409688650846,[8],1
blk_-7999375661905777727,[10],1
blk_-800664075087524591,[1],1
blk_-8014701913801168461,[7],1
blk_-8015797075596093783,[3],1
blk_-8022986908643041177,[2],1
blk_-8023826090828946372,[9],1
blk_-8026264173633579073,[10],1
blk_-8049908920306758342,[3],1
blk_-8050165297538775793,[6],1
blk_-805262942087665153,[1],1
blk_-8060252929692927663,[7],1
blk_-8077373411465716253,[2],1
blk_-8082428389627750477,[9],1
blk_-8083036675630459841,[9],1
blk_-808401720390253471,[1],1
blk_-8093500164295459838,[1],1
blk_-8108913101671416218,[1],1
blk_-8121498678081035000,[10],1
blk_-8123824094195108685,[4],1
blk_-8127580564011467092,[2],1
blk_-8130925109202184099,[10],1
blk_-8131422413299851907,[7],1
blk_-8144387882075572886,[7],1
blk_-8145226289286457574,[2],1
blk_-8162657657061473938,[4],1
blk_-8167717961644709843,[7],1
blk_-8187008844253719581,[8],1
blk_-8192956077351896648,[3],1
blk_-8198423074054354279,[4],1
blk_-8214089520956286311,[3],1
blk_-8225435781013159573,[1],1
blk_-8227485321105019293,[4],1
blk_-8241093737585222406,[3],1
blk_-8246207776580662770,[1],1
blk_-8255732027871411321,[4],1
blk_-826920518336899809,[5],1
blk_-8277873627721528374,[8],1
blk_-8294986551316947211,[7],1
blk_-8298519990603402919,[2],1
blk_-8306714721294235181,[8],1
blk_-8310554294841246175,[3],1
blk_-8312238797251504127,[10],1
blk_-8323785930877970805,[4],1
blk_-8329840785892216949,[1],1
blk_-8347949825960763812,[6],1
blk_-8351015090014570293,[10],1
blk_-8353423262983821010,[10],1
blk_-8360774680830158225,[7],1
blk_-8364400144313355814,[1],1
blk_-8377763431920892140,[3],1
blk_-8380267327243110056,[5],1
blk_-8383503596684323017,[7],1
blk_-8389657728641837382,[1],1
blk_-8393060055740236791,[2],1
blk_-8403618945096094999,[10],1
blk_-8408087700903896282,[5],1
blk_-8426741581316629266,[5],1
blk_-8428590803682810851,[2],1
blk_-8435779070374485499,[1],1
blk_-8443921001690182522,[7],1
blk_-8475679647841427708,[4],1
blk_-8483420270408348004,[2],1
blk_-8484827087450439270,[7],1
blk_-8495670552887053546,[9],1
blk_-8502460962248995911,[2],1
blk_-8507209254958698084,[6],1
blk_-852118157909078164,[4],1
blk_-8522942048313632858,[9],1
blk_-8523968015014407246,[3],1
blk_-8524274644018377752,[4],1
blk_-8524952715666214329,[3],1
blk_-8547071368131084410,[7],1
blk_-8558281124275910849,[9],1
blk_-8558845834445970595,[2],1
blk_-8562334328670278932,[4],1
blk_-8563999607069929505,[4],1
blk_-8568673600040025636,[1],1
blk_-8570780307468499817,[14],1
blk_-8571819028995448536,[4],1
blk_-8584158329012779023,[4],1
blk_-85872290979354091,[1],1
blk_-8588908000680498,[7],1
blk_-8617088607862430908,[7],1
blk_-8632488927959646482,[10],1
blk_-8638442557570632582,[1],1
blk_-8641647081502666269,[3],1
blk_-8645365827804358878,[5],1
blk_-8649503431827393598,[4],1
blk_-8657800226489501791,[2],1
blk_-8674089929114017279,[8],1
blk_-8679916835272129336,[9],1
blk_-8703611999267892995,[4],1
blk_-8736461628840265232,[10],1
blk_-8744988583359134013,[5],1
blk_-8745453424063341007,[1],1
blk_-8769398708439834546,[10],1
blk_-8775602795571523802,"[7, 7]",2
blk_-878226404201600469,[4],1
blk_-8788032532930439012,[4],1
blk_-8789402864074203800,[3],1
blk_-8792837405349224102,[7],1
blk_-8796256534683400159,[7],1
blk_-8834022217832819265,[4],1
blk_-8835758154471700679,[3],1
blk_-8838161455213213548,[4],1
blk_-8838632285969241889,[4],1
blk_-8847552694913526632,[3],1
blk_-8848810702648406400,[7],1
blk_-8852638972311349374,[4],1
blk_-8856628810470361280,[4],1
blk_-8863130543753323383,[10],1
blk_-8876879715755468215,[4],1
blk_-8879979113392880065,[4],1
blk_-8887373200836701910,[10],1
blk_-8898274302731129139,[7],1
blk_-8907436477337775860,[8],1
blk_-8915123233040672605,[4],1
blk_-8915491531889006304,[8],1
blk_-8923698979247229952,[3],1
blk_-8923923031063738809,[2],1
blk_-8924134715029713489,[2],1
blk_-8939321760994370713,[1],1
blk_-8948316319329891645,[5],1
blk_-8949548167466276130,[7],1
blk_-8965508153794244104,[3],1
blk_-8969188698416564850,[1],1
blk_-8974021306351083168,[4],1
blk_-9001895211102825241,[1],1
blk_-900229825899812461,[1],1
blk_-900758580041645081,[2],1
blk_-9013487557842539661,[3],1
blk_-9016567407076718172,[17],1
blk_-9017308542351369260,[7],1
blk_-9038475355621289969,[7],1
blk_-9049344623659872649,[2],1
blk_-9056276727170871967,[10],1
blk_-9056748866943837167,[2],1
blk_-9056865861421808370,[1],1
blk_-9069971851590882719,[2],1
blk_-9089815063425241739,[3],1
blk_-9092685890953655332,[4],1
blk_-9098645110390099509,[1],1
blk_-9103764593642564543,[4],1
blk_-9110604833387121363,[1],1
blk_-9120005470237070778,[1],1
blk_-9132218772786220159,[1],1
blk_-9161369067334198861,[1],1
blk_-9162090767925303921,[5],1
blk_-9167880724995702718,[3],1
blk_-9169228974826183399,[7],1
blk_-9171803179611497035,[7],1
blk_-9171930401624803515,[7],1
blk_-917268749136585019,[1],1
blk_-9181958042427679309,[2],1
blk_-9188933731705791676,[3],1
blk_-9190864897806028230,[3],1
blk_-9198375937828232046,[1],1
blk_-9211699406261033878,[3],1
blk_-921231092429668424,[7],1
blk_-9220604860626391374,[10],1
blk_-931590117143327078,[4],1
blk_-945770324989341170,[10],1
blk_-954856062493437881,[3],1
blk_-966013175018359901,[1],1
blk_-967145856473901804,[3],1
blk_-989798817617753264,[2],1
blk_-997605125898553536,[3],1
blk_1002945451269828722,[1],1
blk_1018961650823645078,[7],1
blk_1021828391502582165,[2],1
blk_102441832197223997,[4],1
blk_1043487525777829194,[10],1
blk_1057763407402503745,[4],1
blk_1060814796407897179,[3],1
blk_1064470652608359218,[3],1
blk_1074754942323612586,[4],1
blk_107727140948970996,[7],1
blk_1077394056781488,[1],1
blk_1078000656626961731,[8],1
blk_1102735311308675356,[10],1
blk_1104376461837247304,[5],1
blk_111759050707136656,[2],1
blk_1119272693889755844,[2],1
blk_1122812501843755360,[4],1
blk_1129715194117079802,[2],1
blk_1144571179430079218,[7],1
blk_1150231966878829887,[6],1
blk_1151012386083696649,[2],1
blk_1155029843511109085,[1],1
blk_1184972950286241114,[7],1
blk_1188202922232921994,[3],1
blk_1190791818440776717,[3],1
blk_1200136320542454615,[8],1
blk_120277101968534224,[3],1
blk_1213582438865696738,[7],1
blk_1216611589160220108,[1],1
blk_1247599917761164561,[3],1
blk_1253515519191706153,[5],1
blk_1259893634804870815,[1],1
blk_1275198635723397883,[10],1
blk_1279439901767890758,[1],1
blk_1302893891174665780,[10],1
blk_1303107722036031233,[2],1
blk_1321799290531408498,[4],1
blk_1345503778930512538,[4],1
blk_1349228381785843634,[1],1
blk_1350741653957819140,[7],1
blk_1369784431092292099,[7],1
blk_1379455396847512711,[7],1
blk_1389634598105954660,[2],1
blk_1394107495884949139,[4],1
blk_1407935810673971357,[4],1
blk_1408672604432845193,[1],1
blk_1411218759880637753,[3],1
blk_1441315972355360459,[2],1
blk_1447281351164457761,[2],1
blk_1463530401988623658,[4],1
blk_1473949624670719319,[13],1
blk_1481009974400305784,[10],1
blk_1483582953997932733,[7],1
blk_148513789886825227,[4],1
blk_1489031087420498797,[3],1
blk_1498192967843651378,[3],1
blk_1508705816376906895,[1],1
blk_1512136249403454074,[4],1
blk_1512923509505250283,[2],1
blk_1526403491950199810,[2],1
blk_153508158653341141,[7],1
blk_1543605971733759530,[10],1
blk_155320394753274773,[3],1
blk_1553688227908800900,[7],1
blk_1561008813520212225,[3],1
blk_157913239647511296,[1],1
blk_1584196996810164915,[6],1
blk_1587615395786683981,[7],1
blk_1589878256898761558,[2],1
blk_1594026090263820445,[2],1
blk_1598414622053793245,[8],1
blk_1600228140214754078,[3],1
blk_1606295458729964667,[4],1
blk_1636660629634995787,[2],1
blk_1639683981444528748,[1],1
blk_1646534811870220828,[9],1
blk_1646909113279517647,[3],1
blk_1649162819905816843,[6],1
blk_165707910410871749,[1],1
blk_166171721314010075,[10],1
blk_1683075246463470765,[9],1
blk_1686195200514944346,[9],1
blk_1689772850125323349,[7],1
blk_1692958087244489888,[7],1
blk_1714886759174770356,[10],1
blk_1724757848743533110,[4],1
blk_1727371778357941761,[4],1
blk_1744485040428751334,[4],1
blk_1746384029810476219,[7],1
blk_1756478622414930264,[2],1
blk_1777689952069868672,[10],1
blk_1779145401405339993,[2],1
blk_1781953582842324563,[7],1
blk_1793140687921032046,[2],1
blk_1815340037591016775,[10],1
blk_1824928871191121429,[7],1
blk_1828089683746536118,[3],1
blk_1832308388558480,[5],1
blk_1833093108290599780,[2],1
blk_1838564958520120941,[7],1
blk_1858805942071850133,[5],1
blk_1859772752119590543,[4],1
blk_1865953191447352631,[2],1
blk_1869228153483717375,[4],1
blk_1910039736720341651,[9],1
blk_1910319264393500537,[5],1
blk_1920931690498309324,[7],1
blk_1927336911952959118,[1],1
blk_1960893136630391966,[10],1
blk_1979447750586388860,[10],1
blk_1997668456720275587,[1],1
blk_2015610615789582788,[2],1
blk_2016964533702776852,[1],1
blk_2026200052147887341,[1],1
blk_2028803850179311599,[1],1
blk_2038610753592374847,[8],1
blk_2039230511363331616,[8],1
blk_2040222317555585426,[1],1
blk_2059389709317340334,[2],1
blk_2060553104861908174,[10],1
blk_2063252936853409868,[3],1
blk_207875475387433291,[2],1
blk_2080318574920472813,[4],1
blk_2084123600915946046,[5],1
blk_2089955821703690032,[1],1
blk_2096030750186708493,[1],1
blk_2096199637324483321,[1],1
blk_2096692261399680562,[5],1
blk_2101007907134483259,[9],1
blk_2107487634698646045,[7],1
blk_2111886617384066018,[1],1
blk_2113880130496815041,[2],1
blk_2119401975697524206,[2],1
blk_2128110944185709079,[1],1
blk_2139707931694085102,[9],1
blk_2147212041377545584,[4],1
blk_2149728827322918746,[10],1
blk_2151150262081352617,[1],1
blk_2154193600525549460,[10],1
blk_215466486430758887,[1],1
blk_2156262111024914941,[7],1
blk_2157471834570224881,[3],1
blk_2166777223671724319,[4],1
blk_2180875151184358991,[7],1
blk_2208589726473895860,[4],1
blk_2215517976324634098,[7],1
blk_2241654010576170013,[1],1
blk_2243777557693112935,[1],1
blk_2244903517044280975,[9],1
blk_22457656256024207,[7],1
blk_2247786307216183697,[3],1
blk_2253084440592362960,[3],1
blk_2259206517962925438,[10],1
blk_2261089810991980611,[1],1
blk_2262752117989012641,[9],1
blk_2270593866672608129,[3],1
blk_2273334621242106674,[8],1
blk_2278708746675870163,[7],1
blk_2282833575688432184,[1],1
blk_2294700909811950327,[3],1
blk_2304296078821316612,[10],1
blk_2312679955495839894,[2],1
blk_231502148921342925,[3],1
blk_2322432806134104317,[8],1
blk_2341651676737321162,[10],1
blk_2353918919834315845,[7],1
blk_2377150260128098806,[2],1
blk_2377944115560974127,[4],1
blk_2380775154966815858,[4],1
blk_2389216938154332862,[1],1
blk_2403370969415186087,[7],1
blk_241585185788373386,[3],1
blk_2426255659473300323,[10],1
blk_2430417102497887445,[2],1
blk_2460145905812664251,[2],1
blk_2468407162668753567,[10],1
blk_2473550781612396886,[7],1
blk_2474460483915499078,[3],1
blk_247452006316846355,[10],1
blk_2489882700357182381,[7],1
blk_2508619583759354778,[1],1
blk_2513940824125131775,[5],1
blk_2529569087635823495,[1],1
blk_2568309208894455676,[10],1
blk_2570966823909513791,[1],1
blk_2576408434603492552,[10],1
blk_2583125615128303019,[4],1
blk_2583600095045026513,[4],1
blk_2593937801738981947,[2],1
blk_2599050023684318911,[3],1
blk_2616961363639592748,[3],1
blk_2618566506268332756,[2],1
blk_2630223487595425525,[5],1
blk_2652444451422301232,[3],1
blk_2657997043417110888,[10],1
blk_2691304991047255190,[1],1
blk_2708206493147801743,[7],1
blk_271142976916798281,[4],1
blk_2713941272199175167,[10],1
blk_2731617036199392057,[7],1
blk_2731746367139956284,[7],1
blk_2735034460607366827,[4],1
blk_2736251498135196075,[10],1
blk_2737505352081488746,[4],1
blk_2740792916077430444,[2],1
blk_2749066163012162435,[2],1
blk_2756799797410851893,[7],1
blk_2771018387166611008,[3],1
blk_278357163850888,[2],1
blk_2819581679409796253,[1],1
blk_2824047463816148563,[4],1
blk_2833019093942278701,[1],1
blk_283922378823540530,[1],1
blk_2847401988110989655,[5],1
blk_2851869865185325732,[1],1
blk_285336326661214154,[5],1
blk_2866275036574950116,[8],1
blk_2869833078504290822,[10],1
blk_2879780987351022871,[9],1
blk_2904134648927436267,[6],1
blk_2917692073041583988,[1],1
blk_2937758977269298350,[4],1
blk_2953550760670423417,[1],1
blk_2957756905007569214,[1],1
blk_2967299761311489673,[9],1
blk_2969087638814291714,[9],1
blk_2972699288862031202,[4],1
blk_2974262690755997396,[1],1
blk_2980964138205299397,[4],1
blk_2986720270598512615,[8],1
blk_300967862449910205,[2],1
blk_3016571528120363023,[4],1
blk_3020717811556957482,[4],1
blk_3049351456771045311,[3],1
blk_3050920587428079149,[2],1
blk_3067558337579347170,[4],1
blk_3068335169639013019,[3],1
blk_3070718541088657475,[1],1
blk_3073404534069578592,[2],1
blk_3076992299328673559,[7],1
blk_3079488924320077240,[2],1
blk_3083630442630693250,[3],1
blk_3084588477220583373,[3],1
blk_3087787567144441647,[8],1
blk_3088175971503531298,[1],1
blk_3107521534415119817,[3],1
blk_3134656542322449478,[2],1
blk_313888672758374538,[4],1
blk_3141363517520802396,[6],1
blk_3160319368100972992,[1],1
blk_3166960787499091856,[8],1
blk_3169060243663461885,[9],1
blk_3181161977343808286,[4],1
blk_3202507081359904616,[2],1
blk_3206064173813164493,[2],1
blk_3221204570666147236,[7],1
blk_3222673463853349950,[2],1
blk_3224184805694764748,[3],1
blk_3224393364314749254,[3],1
blk_3231389654886008065,[10],1
blk_3235988328669699941,[4],1
blk_323887415551221572,[4],1
blk_3242229894054064344,[3],1
blk_3243316191092266549,[2],1
blk_3248835454898465560,[4],1
blk_325981833999429148,[2],1
blk_3259872359515191972,[1],1
blk_3274968259628929519,[7],1
blk_3278280638950561822,[1],1
blk_3280859030919654043,[10],1
blk_3291173852929756766,[5],1
blk_3304535870056962597,[3],1
blk_3312198496468502316,[7],1
blk_3318864983801406136,[1],1
blk_3322875843051058970,[4],1
blk_3332848207645320273,[10],1
blk_3336810835691486095,[7],1
blk_3338047823148530794,[1],1
blk_3358274959811806117,[4],1
blk_3376391218693716925,[5],1
blk_3378157549705391333,[1],1
blk_3386670145292909259,[3],1
blk_3406384548372443486,[2],1
blk_342378162324355732,[8],1
blk_3428998332517532825,[10],1
blk_3433046099598424314,[1],1
blk_3441699978641526775,[9],1
blk_344934934043642744,[2],1
blk_345577139488306634,[4],1
blk_3463540868626173125,[3],1
blk_3480684347183600958,[3],1
blk_34905976850091068,[1],1
blk_3492869167398569662,[10],1
blk_3506875694435075421,[2],1
blk_3515154079719300106,[8],1
blk_352185875883785141,[7],1
blk_3539852484771802299,[10],1
blk_3542047035353248258,[4],1
blk_3550669278239526374,[3],1
blk_355286618997526877,[10],1
blk_356592557993755459,[10],1
blk_358331073189608564,[10],1
blk_3584162266158512993,[1],1
blk_3585424189730250601,[2],1
blk_3585588704565901062,[7],1
blk_3586596428873150919,[3],1
blk_3587508140051953248,[3],1
blk_3598226258881465924,[4],1
blk_3598904881888399067,[10],1
blk_3637945019239882309,[10],1
blk_3652427357251545055,[10],1
blk_365496398062338141,[8],1
blk_3695169334833427187,[1],1
blk_3706543205492061794,[7],1
blk_3729730843466061623,[10],1
blk_3733339790842827121,[7],1
blk_3735517274901501821,[10],1
blk_3755116621101133849,[1],1
blk_3763728533434719668,[9],1
blk_3764801892187716497,[2],1
blk_3764836840384130740,[5],1
blk_3776895047834644694,[5],1
blk_3777389444004341563,[3],1
blk_3777399812922072863,[3],1
blk_3777400576053320362,[3],1
blk_3781645897486585075,[1],1
blk_3790492230047189408,[9],1
blk_3792448673967861371,[10],1
blk_3797494971676497497,[8],1
blk_3808164640986377400,[4],1
blk_3813891701916249413,[3],1
blk_3846795603907041885,[4],1
blk_3848747149919646864,[9],1
blk_3849239820458663566,[2],1
blk_3852281952649038166,[3],1
blk_3858015337960682724,[10],1
blk_3862032846413436284,[7],1
blk_387577766066135394,[5],1
blk_3876184938151091897,[10],1
blk_38865049064139660,[1],1
blk_3894335463008345041,[6],1
blk_3905759687686730625,[8],1
blk_3911263675181899748,[2],1
blk_391507259220628397,[7],1
blk_391813102554451063,[1],1
blk_3921292580505776296,[7],1
blk_3922791077126964673,[1],1
blk_392347292517057138,[4],1
blk_3924177422736829493,[3],1
blk_3940282600163903101,[1],1
blk_3941798034503185737,[4],1
blk_3946183108430554053,[10],1
blk_3954386352306480748,[2],1
blk_3958940914408609637,[1],1
blk_3960527526103274525,[3],1
blk_3961831045048378097,[3],1
blk_3962600675982666210,[4],1
blk_3963698556744744747,[8],1
blk_3972778210951456006,[4],1
blk_397848436489409658,[1],1
blk_3979872751691718643,[8],1
blk_4007982883396598426,[7],1
blk_4029139044660806713,[15],1
blk_4029732570544915384,[3],1
blk_4031738712701565209,[3],1
blk_4048438071314937575,[9],1
blk_406835586147450451,[1],1
blk_4068667188725811395,[1],1
blk_4069436988023676023,[2],1
blk_4081177399275502985,[8],1
blk_4098532420907418423,[3],1
blk_412956398445037066,[1],1
blk_413552235254424009,[10],1
blk_4149909442914612270,[4],1
blk_4154740411570608045,[2],1
blk_4162832865986721185,[7],1
blk_4170936278386288557,[2],1
blk_4178945095089206682,[1],1
blk_4182287230523664560,[3],1
blk_4198733391373026104,[4],1
blk_4207359722112667226,[1],1
blk_4210124392039605712,[5],1
blk_4214952053910973364,[5],1
blk_4225726256421431188,[5],1
blk_4231049049582051919,[3],1
blk_4233013542759682998,[4],1
blk_4234385041723406944,[2],1
blk_4238127626194855481,[4],1
blk_423916008836295480,[2],1
blk_424255210146453297,[9],1
blk_424461424221613461,[9],1
blk_4263664068073345850,[3],1
blk_426381928692704514,[3],1
blk_427477290315080955,[3],1
blk_427714267500527780,[2],1
blk_4284688617983009262,[4],1
blk_4292382298896622412,[11],1
blk_429279891070363457,[1],1
blk_4294115716822011564,[3],1
blk_4307207852226914003,[2],1
blk_4318179566727871532,[2],1
blk_4330492872922862223,[2],1
blk_434034567989619521,[10],1
blk_4343207286455274569,[4],1
blk_4355450627202483068,[8],1
blk_4357276972386184626,[9],1
blk_4361294871479973840,[2],1
blk_4365203784873840210,[7],1
blk_4367982328407767477,[7],1
blk_4385764838827095986,[2],1
blk_4404895858852856851,[1],1
blk_4414644179961808738,[4],1
blk_4433676399725693167,[3],1
blk_4438674026376140804,[10],1
blk_4443043493758564822,[3],1
blk_446513188203036714,[2],1
blk_4471044334742081825,[10],1
blk_4473390551542202999,[2],1
blk_449049393237281194,[7],1
blk_4499140370762613763,[10],1
blk_4506604798892399878,[7],1
blk_4513772639980123655,[7],1
blk_4516306414837452219,[10],1
blk_4524198807982839635,[9],1
blk_4531288786306744275,[5],1
blk_4539833452749813987,[3],1
blk_4553790855855864497,[2],1
blk_4565822428702518889,[1],1
blk_4568377692254637284,[1],1
blk_4568434182693165548,[2],1
blk_4575129504644372394,[1],1
blk_4577632468651859430,[2],1
blk_4581070264530964999,[9],1
blk_4585055992495043771,[2],1
blk_4588471931728384541,[3],1
blk_4599950495841528213,[4],1
blk_4614530673206341566,[3],1
blk_4628142183191390143,[2],1
blk_4628975089896927394,[1],1
blk_4631777956354958682,[10],1
blk_4632283243694149854,[7],1
blk_4638603954320058978,[1],1
blk_4640277741339926850,[10],1
blk_4641147544753118391,[2],1
blk_465845235850106928,[4],1
blk_4658551441818960395,[7],1
blk_467589865104023338,[2],1
blk_469126362137371425,[4],1
blk_469871968689793326,[3],1
blk_4713539908695785630,[7],1
blk_4713968111267226537,[10],1
blk_4738781172941319823,[10],1
blk_4741107979793372752,[1],1
blk_4742178675580222210,[4],1
blk_4755566011267050000,[3],1
blk_4774383661473695119,[3],1
blk_4774656339381154282,[1],1
blk_4777657900314457675,[2],1
blk_4783621682384104986,[4],1
blk_4786794545180705888,[1],1
blk_4802366409699286298,[2],1
blk_4812792845864526586,[2],1
blk_481857539063371482,[9],1
blk_4820650745157199554,[4],1
blk_4834069779372284635,[10],1
blk_4841101867353115844,[5],1
blk_4848669047361069041,[8],1
blk_4863571548336254624,[7],1
blk_4873550540813847659,[1],1
blk_48742413802609430,[3],1
blk_4877808040461609832,[1],1
blk_4884219613602801814,[1],1
blk_4886940526690879848,[1],1
blk_4893049344332234616,[2],1
blk_4934527196392001803,[9],1
blk_4939101994162863442,[7],1
blk_49420377461855719,[3],1
blk_4959462704623252283,[4],1
blk_4963214289850966664,[9],1
blk_496376132244907301,[5],1
blk_4967370797322420259,[3],1
blk_4967492069970766092,[1],1
blk_4984150784048864430,[5],1
blk_4984720043834039361,[2],1
blk_4989329877491629543,[3],1
blk_4992622607400168655,[2],1
blk_5017373558217225674,[1],1
blk_5018765878120211503,[1],1
blk_5018797996887008111,[10],1
blk_5062112794659861146,[3],1
blk_5075966182561035053,[7],1
blk_5095897972833086609,[2],1
blk_5100975846124291571,[7],1
blk_5106303344783117537,[5],1
blk_5114010683183383297,[2],1
blk_5114572025256210948,[1],1
blk_5115892145206906855,[1],1
blk_5118390778403008591,[3],1
blk_512039711533506696,[2],1
blk_5126469776250053435,[9],1
blk_5163387277374142808,[10],1
blk_5165786360127153975,[2],1
blk_5174461779237739025,[3],1
blk_5176179471361959897,[10],1
blk_5176855630425795751,[2],1
blk_5178539130945718870,[10],1
blk_5183831565578080242,[5],1
blk_5203504995927133832,[10],1
blk_5209577451013188921,[7],1
blk_5210211633167259832,[2],1
blk_5216491057643255876,[4],1
blk_5225719677049010638,[1],1
blk_5240632065631390212,[8],1
blk_5250287988089075029,[3],1
blk_5256716488526744434,[4],1
blk_5262186175243998904,[1],1
blk_5272005015837990021,[7],1
blk_5272731391668336674,[4],1
blk_5272761429354463572,[2],1
blk_5277338321835341602,[2],1
blk_5335498635665743905,[4],1
blk_5348548743130215090,[3],1
blk_5379939266348893280,[3],1
blk_5385121219895615240,[8],1
blk_5390763359901143305,[2],1
blk_5402003568334525940,[3],1
blk_5406084276349645828,[3],1
blk_541463031152673662,[2],1
blk_5453150794205420798,[7],1
blk_5454332143498402824,[8],1
blk_5454423648092670683,[1],1
blk_5489815612272797790,[2],1
blk_5491101910066444061,[2],1
blk_5496448884081025648,[10],1
blk_549647953114643908,[1],1
blk_5505696082121135363,[10],1
blk_5525607749827896334,[4],1
blk_5528471097481810388,[7],1
blk_5547569777499890340,[9],1
blk_5565611615515783341,[4],1
blk_5570475465835003801,[2],1
blk_5572208681898881669,[10],1
blk_5574898547439146021,[2],1
blk_557803157214911261,[3],1
blk_5580254744888391593,[10],1
blk_559204981722276126,[5],1
blk_5600017220681756254,[3],1
blk_560063894682806537,[3],1
blk_5602895463700536678,[3],1
blk_561417755647618727,[7],1
blk_5616920288053661280,[10],1
blk_5641239200978828454,[4],1
blk_5646792755154529338,[2],1
blk_5648034804629064273,[3],1
blk_5663417083925711869,[1],1
blk_566413670355737377,[3],1
blk_5668137923110942035,[10],1
blk_5689009809369418749,[10],1
blk_5689516499354445029,[1],1
blk_5701964561533648583,[7],1
blk_5702487846232575705,[10],1
blk_5708405953850477535,[5],1
blk_570916157110129687,[10],1
blk_572492839287299681,[1],1
blk_5729560286355779655,[1],1
blk_5733038550092620376,[2],1
blk_5736622945587812309,[7],1
blk_5739119717322549945,[8],1
blk_5760391051658436046,[4],1
blk_5771906433100975293,[7],1
blk_5781019224640206392,[4],1
blk_5781791720343455145,[2],1
blk_578261619176233743,[2],1
blk_5782729236964719738,[5],1
blk_5792489080791696128,[4],1
blk_5806397523737304814,[7],1
blk_5809900021002850724,[2],1
blk_5813361416484537967,[2],1
blk_5813923864071791162,[3],1
blk_5816171803790152026,[4],1
blk_5834218936335592624,[3],1
blk_5844313985011885282,[5],1
blk_5868517220927475394,[10],1
blk_5872617224009342667,[5],1
blk_5881782374981838094,[4],1
blk_5894088883762961800,[5],1
blk_5905689738251144455,[7],1
blk_5905933788014151041,[9],1
blk_5912213716795619450,[1],1
blk_591323161994959677,[4],1
blk_5915244038969911075,[3],1
blk_5938666289587069744,[2],1
blk_5948455948626091880,[7],1
blk_5952254363678329024,[8],1
blk_5953577136151423920,[2],1
blk_5955377624764578810,[2],1
blk_5963655886023015963,[2],1
blk_5963816136267066159,[1],1
blk_5971534893446541111,[2],1
blk_5977008528949258706,[4],1
blk_5983149244832683042,[4],1
blk_5989505185938770383,[4],1
blk_6000837850922531821,[3],1
blk_6002109944224710483,[2],1
blk_6017354285686373326,[1],1
blk_6030936529326346827,[1],1
blk_6031076349976322578,[10],1
blk_6039898256291822367,[2],1
blk_6048652012880073760,[1],1
blk_6051144263842600010,[7],1
blk_6054235487623373096,[5],1
blk_6055109613223910610,[1],1
blk_6077744985764117617,[7],1
blk_6080034782037237879,[2],1
blk_6085274723649229095,[4],1
blk_6085442148007558065,[7],1
blk_608957629753483727,[5],1
blk_6093743385844975689,[2],1
blk_6093858391888371854,[10],1
blk_6095704128062577668,[2],1
blk_6105506155797750768,[8],1
blk_6106884317961925960,[9],1
blk_6107935679779418195,[4],1
blk_6108023147232847992,[4],1
blk_6123232805286187512,[1],1
blk_6125469222540396851,[2],1
blk_6137960563260046065,[1],1
blk_6138894560185644209,[7],1
blk_6140788650991100539,[5],1
blk_6147898566868510104,[7],1
blk_6148201552996212693,[7],1
blk_6163400028286940197,[7],1
blk_6170586659371027531,[2],1
blk_6178964531181542074,[5],1
blk_6204056282927975796,[1],1
blk_621685330749869453,[2],1
blk_6223504502438507199,[7],1
blk_6238543795209416553,[2],1
blk_6241141267506413726,[9],1
blk_6245594177708848366,[4],1
blk_6285161494041403917,[2],1
blk_6296828743242110158,[8],1
blk_6308888821787547357,[2],1
blk_6323743466920239525,[3],1
blk_6324712740029479576,[10],1
blk_6329639726609402522,[3],1
blk_6332892729727950039,[9],1
blk_6338761369201338121,[8],1
blk_6373260430960091026,[7],1
blk_6374836031306809839,[5],1
blk_6392434729242722288,[10],1
blk_6398122733993275620,[4],1
blk_6400082566804273401,"[5, 4]",2
blk_6406847509870023726,[3],1
blk_6413710007211667486,[10],1
blk_6413965758113058023,[4],1
blk_641646158310569454,[5],1
blk_6417614801998326532,[4],1
blk_6445339027653789144,[7],1
blk_6446927133528675675,[3],1
blk_6451403582950672007,[2],1
blk_6465095458973828118,[1],1
blk_6489659315944341351,[10],1
blk_6490003020931145707,[3],1
blk_6491424745418112176,[4],1
blk_6491888411266994867,[7],1
blk_6497260538939100482,[7],1
blk_6499414220139660338,[7],1
blk_6514181997629420906,[1],1
blk_6516880861186877710,[3],1
blk_6534693994677948144,[3],1
blk_6542592144596063478,[7],1
blk_6547729596040509998,[2],1
blk_6552418180158772377,[8],1
blk_6556854018013706836,[4],1
blk_6563909003697001371,[4],1
blk_6585429064641693815,[4],1
blk_6601059760261449131,[5],1
blk_6610244864386894422,[1],1
blk_6628512193350164674,[4],1
blk_6640583412927022083,[2],1
blk_6655622109568310643,[8],1
blk_666713934549639791,[8],1
blk_6672666770563118759,[4],1
blk_6675543598756975559,[2],1
blk_6675564098604634452,[7],1
blk_668295516093167045,[8],1
blk_6685663454079607598,[3],1
blk_6686361711974377273,[3],1
blk_6690143611140381289,[5],1
blk_6695517786834913217,[7],1
blk_6698851413708497072,[3],1
blk_6702054389824523327,[9],1
blk_6730979070070986233,[3],1
blk_673825774073966710,[2],1
blk_6745520736924802462,[1],1
blk_6746178639682808096,[3],1
blk_6748710057489679257,[2],1
blk_6749232449432458524,[5],1
blk_6763863888784019261,[10],1
blk_6791628131402590260,[1],1
blk_679168189072909208,[1],1
blk_6799391641508508235,[3],1
blk_6807535563873595117,[4],1
blk_6809155287484296510,[1],1
blk_6818232325322327288,[1],1
blk_6828121630547887549,[2],1
blk_6828263829429857572,[7],1
blk_6855535886504612774,[10],1
blk_6868050965297613251,[4],1
blk_6880728743505526406,[3],1
blk_6881216037013929188,[10],1
blk_6888300867578983331,[7],1
blk_6894918622505820383,[3],1
blk_691517018986659607,[4],1
blk_6918427074195439966,[1],1
blk_6921674711959888070,[3],1
blk_692184983396207285,[3],1
blk_6928449948805597176,[2],1
blk_6943254721518837570,[7],1
blk_6973321719929905054,[7],1
blk_6975937964598933356,[1],1
blk_6988110707613820142,[4],1
blk_6996194389878584395,[6],1
blk_699651392443620263,[4],1
blk_7016884347337429710,[3],1
blk_7017399031777870797,[10],1
blk_703046261120042821,[1],1
blk_703049809255765647,[1],1
blk_703387617548630438,[1],1
blk_7045475543362904558,[10],1
blk_7048740572660501729,[10],1
blk_7061131805920430446,[4],1
blk_706826531153199550,[4],1
blk_707166530951154301,"[1, 2]",2
blk_7078766226078740026,[1],1
blk_708101772844351082,[1],1
blk_7090935285617451450,[7],1
blk_7094265091490664593,[10],1
blk_70980361971054326,[7],1
blk_7108974241330205218,[7],1
blk_712730845180531820,[1],1
blk_7128370237687728475,[2],1
blk_7154985168984871115,[9],1
blk_7177118590277025973,[10],1
blk_7190156588310412626,[7],1
blk_7193551490488433552,[4],1
blk_7194943883245628915,[3],1
blk_7197514030988119866,[10],1
blk_7206839389762980382,[7],1
blk_7213990003235926706,[3],1
blk_7224257732880626802,[3],1
blk_7227035060836018780,[3],1
blk_7229716389774599497,[4],1
blk_727000711161641724,[1],1
blk_7275457888263057111,[2],1
blk_728165942214842306,[4],1
blk_7294821275446427348,[3],1
blk_7297060562345904886,[8],1
blk_7323287581932922676,[7],1
blk_7324196727355442810,[10],1
blk_7330803663603700184,[3],1
blk_7336636250384047238,[10],1
blk_73389299186801686,[9],1
blk_7345322407792942877,[1],1
blk_7347539858784653625,[4],1
blk_7360639743953947587,[7],1
blk_7400944190976416273,[10],1
blk_7412933088374169877,[1],1
blk_7413830214932763926,[3],1
blk_7415823309220171667,[2],1
blk_7430820184211246929,[2],1
blk_7434237665308221519,[2],1
blk_7439201509602018752,[2],1
blk_7453815855294711849,[2],1
blk_7463248820468902190,[3],1
blk_7473411975130090672,[10],1
blk_7474737521119026445,[2],1
blk_7481361125021302112,[2],1
blk_7484759945731484842,[3],1
blk_7489155602821840025,[9],1
blk_7500282100357271699,[1],1
blk_7501235595045510958,[3],1
blk_7505828172725463922,[9],1
blk_7513976340045981966,[4],1
blk_7517964792804498202,[9],1
blk_7519257846502835091,[7],1
blk_752365829198406123,[3],1
blk_7533949673910842243,[1],1
blk_7534378757788640871,[3],1
blk_753559000954836892,[10],1
blk_7535677865140289610,[4],1
blk_7541621664406141215,[10],1
blk_7550266985912909372,[5],1
blk_755689327380778318,[1],1
blk_7572868180557515526,[4],1
blk_7577595658377008671,[3],1
blk_7580930377559819562,[4],1
blk_7583807825342916938,[7],1
blk_7589872946955471867,[3],1
blk_7603278760520020831,[7],1
blk_7606019272539977822,[10],1
blk_7625391056418655045,[1],1
blk_7627900514276120558,[1],1
blk_7654726977769174867,[4],1
blk_7661189768086976193,[4],1
blk_7672124247291403094,[4],1
blk_7679838117000095334,[3],1
blk_7703498406755483188,[8],1
blk_7705518309270121951,[2],1
blk_7713504868233504097,[4],1
blk_7720864196601815614,[5],1
blk_7721951162137927252,[7],1
blk_7733243482102436613,[4],1
blk_773599351835388127,[7],1
blk_7736147489540456118,[3],1
blk_774612454978154966,[6],1
blk_7754477838724397551,[7],1
blk_7760079751081658559,[9],1
blk_7780461223860192433,[4],1
blk_7791237942696729620,[1],1
blk_7819984111120374407,[10],1
blk_7830067201550857864,[3],1
blk_7837529475466774167,[1],1
blk_7838843222458775811,[2],1
blk_7841365850685201915,[10],1
blk_7851643274522055587,[3],1
blk_7855353385462032387,[7],1
blk_7864850143895703065,[3],1
blk_7872746846750105239,[3],1
blk_7888946331804732825,[2],1
blk_7891129742741763034,[4],1
blk_7901008236334420364,[1],1
blk_7908524857056299716,[5],1
blk_7922331746517419368,[3],1
blk_7924393760966842810,[4],1
blk_7929144620252342335,[3],1
blk_7932704730736035192,[10],1
blk_7940316270494947483,[9],1
blk_7942183449206967755,[7],1
blk_797263375273454863,[7],1
blk_7985460426680885040,[7],1
blk_798664047382151445,[8],1
blk_7996616083434301906,[4],1
blk_8005746184358076390,[2],1
blk_8007544297333060851,[4],1
blk_8015913224713045110,[2],1
blk_8048594464172649365,[12],1
blk_8049943837789435742,[1],1
blk_805187982300776163,[10],1
blk_805587860540600864,[8],1
blk_8059204889272489644,[9],1
blk_8060713381303305129,[1],1
blk_8063831442998721547,[2],1
blk_8083872765147994327,[4],1
blk_8087142318511408355,[4],1
blk_8097409435735325492,[3],1
blk_8102707766842966459,[7],1
blk_8116683912654412228,[4],1
blk_8145984793403459836,[7],1
blk_8155177385081669900,[10],1
blk_815809455641029563,[10],1
blk_8181993091797661153,[2],1
blk_8188837227311063557,[2],1
blk_8189008752707332487,[7],1
blk_8196657927516481490,[5],1
blk_8201813022998766557,[4],1
blk_8215843708467112607,[5],1
blk_8222237992861447018,[4],1
blk_8229193803249955061,[1],1
blk_8229768485681546149,[1],1
blk_8235751201501175836,[4],1
blk_8247499802516177421,[10],1
blk_8249475180346179102,[2],1
blk_8254500345987409515,[1],1
blk_826351419727053015,[7],1
blk_8285441926344578159,[1],1
blk_8291449241650212794,[3],1
blk_8291708741145026623,[7],1
blk_8302956190102508375,[3],1
blk_8303284829424905326,[4],1
blk_8303413189200230139,[7],1
blk_830855781964014378,[7],1
blk_8320088109701056055,[1],1
blk_8323519561483823145,[2],1
blk_8348114876238571434,[1],1
blk_8350646254685996250,[10],1
blk_8376667364205250596,[9],1
blk_8384329882986724706,[10],1
blk_8384967715738359346,[7],1
blk_8404604116961181201,[10],1
blk_8408125361497769001,[3],1
blk_8418106412701718933,[1],1
blk_8422946850755720617,[1],1
blk_8436095180790908547,[7],1
blk_8442157310069672329,[10],1
blk_8452214765874767801,[4],1
blk_8457344665564381337,[8],1
blk_8459274965060101250,[1],1
blk_8466246428293623262,[9],1
blk_8473858691873523269,[4],1
blk_8474920544984206742,[3],1
blk_8478683141242372735,[9],1
blk_8482111101480751895,[8],1
blk_8483848473254499625,[7],1
blk_8487226415276391460,[1],1
blk_8492196963764530259,[7],1
blk_8493856762887493521,[10],1
blk_8512974147315737844,[2],1
blk_8521306385156958668,[2],1
blk_8527475857502481768,[2],1
blk_8527562124953828227,[2],1
blk_8550326614414622861,[1],1
blk_8556592730481313831,[7],1
blk_8561332122820208519,[5],1
blk_8574493302165689212,[4],1
blk_8591104451552720112,[8],1
blk_8596624696139957935,"[4, 5]",2
blk_859668537217019080,[1],1
blk_8598135237831029828,[7],1
blk_8602496359012842630,[10],1
blk_8615522912610884162,[7],1
blk_865453227320668516,[10],1
blk_8655748951361667770,[3],1
blk_8663640697928077697,[2],1
blk_8692428775973608797,[4],1
blk_8693774866554287286,[7],1
blk_8699194381234371727,[3],1
blk_8699831307500970779,[7],1
blk_8708862520108736953,[5],1
blk_8711213005689112399,[8],1
blk_8716294289715825928,[5],1
blk_871974742726663441,[1],1
blk_8751697793900992450,[3],1
blk_8752665860595246441,[4],1
blk_8761138012128091849,[7],1
blk_8761786041973172187,[2],1
blk_8763662564934652249,[2],1
blk_8772892713521115147,[3],1
blk_8787656642683881295,[8],1
blk_8829027411458566099,[3],1
blk_8842097432176169457,[1],1
blk_8850044049297409379,[2],1
blk_8854625173826438305,[1],1
blk_8861349372992394289,[5],1
blk_8871064397020855320,[10],1
blk_8882415653769775762,[1],1
blk_8894334107354324777,[2],1
blk_8902425017314766082,[3],1
blk_8907528844412790999,[4],1
blk_8924207394547472950,[5],1
blk_892900079071425422,[3],1
blk_8929806114713265094,[7],1
blk_8935202950442998446,[5],1
blk_8942969309743886844,[4],1
blk_8950932638808086257,[7],1
blk_8952177028039691517,[2],1
blk_8962411947457130719,[7],1
blk_8968608251219902913,[3],1
blk_8971893898579544235,[1],1
blk_8981795097778421111,[10],1
blk_8988793695103110546,[2],1
blk_8992894896370738220,[4],1
blk_8993862241777591326,[3],1
blk_9014154925388243050,[7],1
blk_901963876338651405,[7],1
blk_9034824096129858680,[4],1
blk_9034993982993401678,[5],1
blk_903961454948542202,[1],1
blk_9060964400089016309,[2],1
blk_9072486569292195232,[3],1
blk_9072829105973334075,[2],1
blk_9074030793567748915,[1],1
blk_9074726164158535746,[4],1
blk_9076677650086747187,[4],1
blk_9081834782322008396,[7],1
blk_9085898147979939648,[10],1
blk_9093049293972551787,[1],1
blk_9093176996492793041,[2],1
blk_9095955277706686312,[9],1
blk_9103049989653819836,[3],1
blk_9107849594802857322,[1],1
blk_9111860234027679206,[10],1
blk_9121519145462575118,[4],1
blk_9131004320470011870,[4],1
blk_9142114171015520823,[7],1
blk_9146254623576405494,[4],1
blk_9163807899833139121,[2],1
blk_9169945668827621796,[7],1
blk_9173199815015538212,[7],1
blk_9188832735514090334,[6],1
blk_9212264480425680329,[3],1
blk_9216955386716663841,[8],1
blk_92273823183917102,[4],1
blk_92946806844541836,[7],1
blk_931297048899943584,[4],1
blk_939695665085237271,[2],1
blk_955083461510572332,[3],1
blk_995094303184954394,[4],1
